{
  "train_loss": [
    17.734973907470703,
    0.0,
    17.20510482788086,
    0.0,
    16.228233337402344,
    0.0,
    15.093960762023926,
    0.0,
    13.974125862121582,
    0.0,
    12.894524574279785,
    0.0,
    11.834243774414062,
    0.0,
    10.841482162475586,
    0.0,
    9.87714958190918,
    0.0,
    8.96980094909668,
    0.0,
    8.126873016357422,
    0.0,
    7.338325023651123,
    0.0,
    6.598641395568848,
    0.0,
    5.932791233062744,
    0.0,
    5.3203253746032715,
    0.0,
    4.764648914337158,
    0.0,
    4.281189441680908,
    0.0,
    3.8322954177856445
  ],
  "train_accuracy": [
    0.5141249895095825,
    0.0,
    0.5757499933242798,
    0.0,
    0.6629999876022339,
    0.0,
    0.6996250152587891,
    0.0,
    0.7358750104904175,
    0.0,
    0.7484999895095825,
    0.0,
    0.7736250162124634,
    0.0,
    0.777999997138977,
    0.0,
    0.7943750023841858,
    0.0,
    0.7993749976158142,
    0.0,
    0.8063750267028809,
    0.0,
    0.8080000281333923,
    0.0,
    0.8141250014305115,
    0.0,
    0.8243749737739563,
    0.0,
    0.8267499804496765,
    0.0,
    0.8389999866485596,
    0.0,
    0.8360000252723694,
    0.0,
    0.8451250195503235
  ],
  "train_auc": [
    0.5171540975570679,
    0.0,
    0.6096377968788147,
    0.0,
    0.721860408782959,
    0.0,
    0.7686047554016113,
    0.0,
    0.8106743097305298,
    0.0,
    0.8322967886924744,
    0.0,
    0.8617139458656311,
    0.0,
    0.8704603314399719,
    0.0,
    0.8854724764823914,
    0.0,
    0.8952317237854004,
    0.0,
    0.9007871747016907,
    0.0,
    0.9041950106620789,
    0.0,
    0.914076566696167,
    0.0,
    0.9179239273071289,
    0.0,
    0.9223605990409851,
    0.0,
    0.9303665161132812,
    0.0,
    0.9283273816108704,
    0.0,
    0.9344266653060913
  ],
  "train_precision": [
    0.5150867700576782,
    0.0,
    0.5773353576660156,
    0.0,
    0.6465827226638794,
    0.0,
    0.6724249720573425,
    0.0,
    0.7016456723213196,
    0.0,
    0.7214794754981995,
    0.0,
    0.7463425397872925,
    0.0,
    0.7588454484939575,
    0.0,
    0.7783030271530151,
    0.0,
    0.7884846925735474,
    0.0,
    0.8040188550949097,
    0.0,
    0.8123732209205627,
    0.0,
    0.8157828450202942,
    0.0,
    0.8329484462738037,
    0.0,
    0.8477913737297058,
    0.0,
    0.8678784370422363,
    0.0,
    0.8570669293403625,
    0.0,
    0.8722027540206909
  ],
  "train_recall": [
    0.48225000500679016,
    0.0,
    0.565500020980835,
    0.0,
    0.718999981880188,
    0.0,
    0.7785000205039978,
    0.0,
    0.8207499980926514,
    0.0,
    0.809499979019165,
    0.0,
    0.8289999961853027,
    0.0,
    0.8149999976158142,
    0.0,
    0.8232499957084656,
    0.0,
    0.8182500004768372,
    0.0,
    0.8102499842643738,
    0.0,
    0.8009999990463257,
    0.0,
    0.8115000128746033,
    0.0,
    0.8115000128746033,
    0.0,
    0.796500027179718,
    0.0,
    0.7997499704360962,
    0.0,
    0.8065000176429749,
    0.0,
    0.8087499737739563
  ],
  "val_loss": [
    17.433547973632812,
    17.433544158935547,
    16.65909767150879,
    16.659093856811523,
    15.55272102355957,
    15.552721977233887,
    14.467120170593262,
    14.467120170593262,
    13.374094009399414,
    13.374094009399414,
    12.314631462097168,
    12.314627647399902,
    11.293856620788574,
    11.29385757446289,
    10.332562446594238,
    10.332559585571289,
    9.411728858947754,
    9.41172981262207,
    8.532638549804688,
    8.532639503479004,
    7.7199177742004395,
    7.719916343688965,
    6.9734954833984375,
    6.973493576049805,
    6.2768235206604,
    6.276824951171875,
    5.6620988845825195,
    5.6620988845825195,
    5.104782581329346,
    5.104782581329346,
    4.593141555786133,
    4.593141555786133,
    4.132789134979248,
    4.132791042327881,
    3.746737480163574
  ],
  "val_accuracy": [
    0.6050000190734863,
    0.6050000190734863,
    0.7400000095367432,
    0.7400000095367432,
    0.7537500262260437,
    0.7537500262260437,
    0.765625,
    0.765625,
    0.768750011920929,
    0.768750011920929,
    0.7868750095367432,
    0.7868750095367432,
    0.7975000143051147,
    0.7975000143051147,
    0.8043749928474426,
    0.8043749928474426,
    0.8050000071525574,
    0.8050000071525574,
    0.8087499737739563,
    0.8087499737739563,
    0.8031250238418579,
    0.8031250238418579,
    0.8062499761581421,
    0.8062499761581421,
    0.8118749856948853,
    0.8118749856948853,
    0.8137500286102295,
    0.8137500286102295,
    0.8131250143051147,
    0.8131250143051147,
    0.8106250166893005,
    0.8106250166893005,
    0.8149999976158142,
    0.8149999976158142,
    0.8056250214576721
  ],
  "val_auc": [
    0.6578764915466309,
    0.6578764915466309,
    0.7790483832359314,
    0.7790483832359314,
    0.814818799495697,
    0.814818799495697,
    0.852215588092804,
    0.852215588092804,
    0.874079704284668,
    0.874079704284668,
    0.885145366191864,
    0.885145366191864,
    0.8948078751564026,
    0.8948078751564026,
    0.8995445966720581,
    0.8995445966720581,
    0.9007999897003174,
    0.9007999897003174,
    0.9048562049865723,
    0.9048562049865723,
    0.9080891013145447,
    0.9080891013145447,
    0.9079664349555969,
    0.9079664349555969,
    0.9115532040596008,
    0.9115532040596008,
    0.9080772995948792,
    0.9080772995948792,
    0.9107311964035034,
    0.9107311964035034,
    0.9082562327384949,
    0.9082562327384949,
    0.9093132615089417,
    0.9093132615089417,
    0.9068219661712646
  ],
  "val_precision": [
    0.6135135293006897,
    0.6135135293006897,
    0.6955193281173706,
    0.6955193281173706,
    0.6890130639076233,
    0.6890130639076233,
    0.7053139805793762,
    0.7053139805793762,
    0.7331887483596802,
    0.7331887483596802,
    0.7634902596473694,
    0.7634902596473694,
    0.8005050420761108,
    0.8005050420761108,
    0.8340191841125488,
    0.8340191841125488,
    0.8262032270431519,
    0.8262032270431519,
    0.8579710125923157,
    0.8579710125923157,
    0.8469241857528687,
    0.8469241857528687,
    0.870090663433075,
    0.870090663433075,
    0.8413132429122925,
    0.8413132429122925,
    0.8242893815040588,
    0.8242893815040588,
    0.8543140292167664,
    0.8543140292167664,
    0.8670605421066284,
    0.8670605421066284,
    0.835106372833252,
    0.835106372833252,
    0.8255659341812134
  ],
  "val_recall": [
    0.5674999952316284,
    0.5674999952316284,
    0.8537499904632568,
    0.8537499904632568,
    0.925000011920929,
    0.925000011920929,
    0.9125000238418579,
    0.9125000238418579,
    0.8450000286102295,
    0.8450000286102295,
    0.831250011920929,
    0.831250011920929,
    0.7925000190734863,
    0.7925000190734863,
    0.7599999904632568,
    0.7599999904632568,
    0.7724999785423279,
    0.7724999785423279,
    0.7400000095367432,
    0.7400000095367432,
    0.7400000095367432,
    0.7400000095367432,
    0.7200000286102295,
    0.7200000286102295,
    0.768750011920929,
    0.768750011920929,
    0.7975000143051147,
    0.7975000143051147,
    0.7549999952316284,
    0.7549999952316284,
    0.7337499856948853,
    0.7337499856948853,
    0.7850000262260437,
    0.7850000262260437,
    0.7749999761581421
  ],
  "test_loss": 6.317905426025391,
  "test_accuracy": 0.7827621102333069,
  "test_auc": 0.8809270262718201,
  "test_precision": 0.831952691078186,
  "test_recall": 0.7086693644523621
}