{
  "train_loss": [
    0.6922572255134583,
    0.0,
    0.6554457545280457,
    0.0,
    0.6352059841156006,
    0.0,
    0.6288251876831055,
    0.0,
    0.6196960806846619,
    0.0,
    0.6123782992362976,
    0.0
  ],
  "train_accuracy": [
    0.5428749918937683,
    0.0,
    0.5759999752044678,
    0.0,
    0.5889999866485596,
    0.0,
    0.6002500057220459,
    0.0,
    0.6039999723434448,
    0.0,
    0.6201249957084656,
    0.0
  ],
  "train_auc": [
    0.5543390512466431,
    0.0,
    0.6168673038482666,
    0.0,
    0.6359186172485352,
    0.0,
    0.6480355858802795,
    0.0,
    0.6619796752929688,
    0.0,
    0.6769945025444031,
    0.0
  ],
  "val_loss": [
    0.6553203463554382,
    0.6553202271461487,
    0.6315818428993225,
    0.6315819025039673,
    0.6237896084785461,
    0.6237896680831909,
    0.6219251751899719,
    0.6219251751899719,
    0.6190028190612793,
    0.6190029382705688,
    0.6157412528991699,
    0.6157411336898804
  ],
  "val_accuracy": [
    0.59375,
    0.59375,
    0.5868750214576721,
    0.5868750214576721,
    0.5918750166893005,
    0.5918750166893005,
    0.6000000238418579,
    0.6000000238418579,
    0.5862500071525574,
    0.5862500071525574,
    0.6043750047683716,
    0.6043750047683716
  ],
  "val_auc": [
    0.6523781418800354,
    0.6523781418800354,
    0.6575593948364258,
    0.6575593948364258,
    0.6681015491485596,
    0.6681015491485596,
    0.6598555445671082,
    0.6598555445671082,
    0.655975878238678,
    0.655975878238678,
    0.6678898334503174,
    0.6678898334503174
  ],
  "test_loss": 0.6266227960586548,
  "test_accuracy": 0.5897177457809448,
  "test_auc": 0.6493044495582581
}