{
  "phase1": {
    "accuracy": [
      0.9056057929992676,
      0.9350336194038391,
      0.9403402805328369,
      0.9461615085601807,
      0.9494098424911499,
      0.9525938034057617,
      0.9531727433204651,
      0.9565818905830383,
      0.9567105174064636,
      0.9580291509628296
    ],
    "loss": [
      0.2793850302696228,
      0.19705159962177277,
      0.17691296339035034,
      0.1622253954410553,
      0.1510268896818161,
      0.14103944599628448,
      0.1339203268289566,
      0.1278681606054306,
      0.12442977726459503,
      0.11886183172464371
    ],
    "val_accuracy": [
      0.9404172301292419,
      0.9413177371025085,
      0.9456701278686523,
      0.9467207193374634,
      0.9500225186347961,
      0.9477712512016296,
      0.9507729411125183,
      0.9486717581748962,
      0.9471709728240967,
      0.9482215046882629
    ],
    "val_loss": [
      0.17609275877475739,
      0.17577368021011353,
      0.16053059697151184,
      0.1602526754140854,
      0.15442964434623718,
      0.16028717160224915,
      0.15529602766036987,
      0.1633657068014145,
      0.18074201047420502,
      0.16131339967250824
    ]
  },
  "phase2": {
    "accuracy": [
      0.9287299513816833,
      0.9472228288650513,
      0.953526496887207,
      0.9577075242996216,
      0.9610201716423035,
      0.9628855586051941,
      0.9653298258781433,
      0.9679670929908752,
      0.9699289202690125,
      0.9712153673171997,
      0.972791314125061,
      0.9758466482162476,
      0.9765863418579102,
      0.9776477217674255
    ],
    "loss": [
      0.22947558760643005,
      0.15614880621433258,
      0.13885454833507538,
      0.12475324422121048,
      0.11590304970741272,
      0.10464455187320709,
      0.09827660024166107,
      0.08883988112211227,
      0.08380524069070816,
      0.0795903131365776,
      0.07422153651714325,
      0.06643042713403702,
      0.0635802298784256,
      0.06078964099287987
    ],
    "val_accuracy": [
      0.9489719271659851,
      0.9516734480857849,
      0.951973557472229,
      0.9542248249053955,
      0.9546750783920288,
      0.9546750783920288,
      0.9549752473831177,
      0.9558757543563843,
      0.957076370716095,
      0.9560258388519287,
      0.9567762017250061,
      0.9576767086982727,
      0.9576767086982727,
      0.9566261172294617
    ],
    "val_loss": [
      0.17030298709869385,
      0.1582612544298172,
      0.1490369439125061,
      0.1426004022359848,
      0.1395776867866516,
      0.13630306720733643,
      0.13700899481773376,
      0.1388058364391327,
      0.13378341495990753,
      0.13651886582374573,
      0.138070747256279,
      0.13870766758918762,
      0.1417725831270218,
      0.1461966186761856
    ]
  },
  "test": {
    "accuracy": 0.9548251628875732,
    "loss": 0.14399856328964233
  }
}